entity_type,entity_name,event_count,paper_count,first_seen,last_seen
model,SERUM,72,18,2026-02-02T16:03:55Z,2026-02-02T16:08:29Z
model,Plasma,71,15,2026-02-02T16:03:52Z,2026-02-02T16:08:28Z
model,HUMAN,48,19,2026-02-02T16:03:45Z,2026-02-02T16:08:28Z
model,In vivo,47,13,2026-02-02T16:04:48Z,2026-02-02T16:08:40Z
model,DOGS,41,3,2026-02-02T16:04:24Z,2026-02-02T16:07:07Z
model,MICE,40,14,2026-02-02T16:03:45Z,2026-02-02T16:08:39Z
model,BLOOD,32,12,2026-02-02T16:03:46Z,2026-02-02T16:08:25Z
compound,METFORMIN,31,4,2026-02-02T16:03:45Z,2026-02-02T16:08:02Z
model,Humans,21,11,2026-02-02T16:03:45Z,2026-02-02T16:08:25Z
model,In vitro,18,10,2026-02-02T16:03:45Z,2026-02-02T16:08:29Z
model,Skeletal muscle,18,5,2026-02-02T16:03:47Z,2026-02-02T16:08:28Z
model,Tissue,18,10,2026-02-02T16:05:08Z,2026-02-02T16:08:39Z
model,DOG,16,1,2026-02-02T16:04:24Z,2026-02-02T16:04:36Z
model,Mitochondria,16,6,2026-02-02T16:03:45Z,2026-02-02T16:08:25Z
compound,QUERCETIN,15,4,2026-02-02T16:03:45Z,2026-02-02T16:06:27Z
model,TUMOR,15,6,2026-02-02T16:04:32Z,2026-02-02T16:08:02Z
target,RECEPTOR,14,7,2026-02-02T16:03:45Z,2026-02-02T16:08:24Z
model,Mitochondrial,13,5,2026-02-02T16:03:45Z,2026-02-02T16:08:04Z
model,MOUSE,12,7,2026-02-02T16:03:45Z,2026-02-02T16:08:40Z
stem_cell,differentiation,11,6,2026-02-02T16:03:56Z,2026-02-02T16:08:29Z
model,K562,10,1,2026-02-02T16:04:44Z,2026-02-02T16:04:47Z
target,ACE,9,4,2026-02-02T16:03:56Z,2026-02-02T16:08:24Z
compound,RESVERATROL,6,4,2026-02-02T16:03:45Z,2026-02-02T16:08:10Z
stem_cell,stem cell,6,5,2026-02-02T16:03:56Z,2026-02-02T16:08:26Z
target,TNF,6,4,2026-02-02T16:03:45Z,2026-02-02T16:07:49Z
compound,NAD+,5,1,2026-02-02T16:03:45Z,2026-02-02T16:03:47Z
model,Bovine serum albumin,5,5,2026-02-02T16:04:04Z,2026-02-02T16:07:15Z
target,AMPK,5,4,2026-02-02T16:03:45Z,2026-02-02T16:08:26Z
target,IL-6,5,4,2026-02-02T16:03:48Z,2026-02-02T16:07:54Z
compound,GLUCAGON,4,1,2026-02-02T16:03:45Z,2026-02-02T16:03:45Z
compound,SPERMIDINE,4,1,2026-02-02T16:03:45Z,2026-02-02T16:03:48Z
model,BSA,4,2,2026-02-02T16:04:04Z,2026-02-02T16:07:15Z
model,FBS,4,2,2026-02-02T16:04:51Z,2026-02-02T16:06:21Z
model,Knockout,4,4,2026-02-02T16:06:07Z,2026-02-02T16:08:21Z
model,RATS,4,4,2026-02-02T16:03:47Z,2026-02-02T16:06:55Z
model,T cells,4,1,2026-02-02T16:07:52Z,2026-02-02T16:07:54Z
model,URINE,4,2,2026-02-02T16:04:29Z,2026-02-02T16:08:00Z
target,AKT,4,4,2026-02-02T16:06:10Z,2026-02-02T16:08:14Z
target,MTOR,4,3,2026-02-02T16:03:45Z,2026-02-02T16:08:00Z
target,TLR4,4,1,2026-02-02T16:07:43Z,2026-02-02T16:07:48Z
model,B cells,3,2,2026-02-02T16:07:19Z,2026-02-02T16:07:54Z
model,Primates,3,3,2026-02-02T16:03:47Z,2026-02-02T16:06:37Z
model,organoid,3,1,2026-02-02T16:05:03Z,2026-02-02T16:05:09Z
target,LC3,3,2,2026-02-02T16:06:24Z,2026-02-02T16:08:09Z
target,SIRT1,3,2,2026-02-02T16:03:45Z,2026-02-02T16:08:06Z
compound,APIGENIN,2,1,2026-02-02T16:06:20Z,2026-02-02T16:06:27Z
compound,DULAGLUTIDE,2,1,2026-02-02T16:03:46Z,2026-02-02T16:03:48Z
compound,EVEROLIMUS,2,1,2026-02-02T16:03:46Z,2026-02-02T16:03:48Z
model,Cytoplasm,2,1,2026-02-02T16:04:59Z,2026-02-02T16:05:08Z
model,DMEM,2,2,2026-02-02T16:05:09Z,2026-02-02T16:06:20Z
model,Extract,2,2,2026-02-02T16:05:09Z,2026-02-02T16:06:57Z
model,Jurkat,2,1,2026-02-02T16:07:20Z,2026-02-02T16:07:20Z
model,Macrophages,2,1,2026-02-02T16:07:46Z,2026-02-02T16:07:46Z
model,Monocytes,2,2,2026-02-02T16:05:08Z,2026-02-02T16:07:20Z
model,Organoid,2,1,2026-02-02T16:05:03Z,2026-02-02T16:05:05Z
model,RAT,2,2,2026-02-02T16:04:48Z,2026-02-02T16:06:37Z
model,RPMI,2,1,2026-02-02T16:07:20Z,2026-02-02T16:07:20Z
model,Transgenic,2,1,2026-02-02T16:08:25Z,2026-02-02T16:08:28Z
model,U937,2,1,2026-02-02T16:07:20Z,2026-02-02T16:07:20Z
model,White adipose tissue,2,1,2026-02-02T16:08:25Z,2026-02-02T16:08:26Z
peptide,GALVANNEALED,2,1,2026-02-02T15:59:22Z,2026-02-02T15:59:31Z
stem_cell,MSC,2,1,2026-02-02T16:06:54Z,2026-02-02T16:06:54Z
stem_cell,mesenchymal,2,2,2026-02-02T16:03:55Z,2026-02-02T16:08:26Z
target,ERK1,2,1,2026-02-02T16:06:55Z,2026-02-02T16:06:55Z
target,FOXO3,2,1,2026-02-02T16:06:32Z,2026-02-02T16:06:32Z
target,FURIN,2,2,2026-02-02T16:06:32Z,2026-02-02T16:06:55Z
target,KINASE,2,2,2026-02-02T16:07:07Z,2026-02-02T16:08:26Z
target,NF-ΚB,2,2,2026-02-02T16:06:28Z,2026-02-02T16:07:44Z
target,PHOSPHATASE,2,2,2026-02-02T16:05:03Z,2026-02-02T16:07:37Z
target,SIRT6,2,1,2026-02-02T16:03:45Z,2026-02-02T16:03:45Z
target,SYNTHASE,2,2,2026-02-02T16:07:06Z,2026-02-02T16:07:57Z
target,TRANSPORTER,2,1,2026-02-02T16:08:25Z,2026-02-02T16:08:26Z
compound,CURCUMIN,1,1,2026-02-02T16:06:55Z,2026-02-02T16:06:55Z
compound,DEXAMETHASONE,1,1,2026-02-02T16:03:57Z,2026-02-02T16:03:57Z
compound,EXENATIDE,1,1,2026-02-02T16:03:46Z,2026-02-02T16:03:46Z
compound,FISETIN,1,1,2026-02-02T16:03:47Z,2026-02-02T16:03:47Z
compound,LIRAGLUTIDE,1,1,2026-02-02T16:03:46Z,2026-02-02T16:03:46Z
compound,NMN,1,1,2026-02-02T16:03:45Z,2026-02-02T16:03:45Z
compound,SEMAGLUTIDE,1,1,2026-02-02T16:03:46Z,2026-02-02T16:03:46Z
compound,SULFORAPHANE,1,1,2026-02-02T16:07:01Z,2026-02-02T16:07:01Z
model,Adipocytes,1,1,2026-02-02T16:07:06Z,2026-02-02T16:07:06Z
model,Brown adipose tissue,1,1,2026-02-02T16:08:26Z,2026-02-02T16:08:26Z
model,CHO,1,1,2026-02-02T16:03:51Z,2026-02-02T16:03:51Z
model,CSF,1,1,2026-02-02T16:03:47Z,2026-02-02T16:03:47Z
model,Ex vivo,1,1,2026-02-02T16:07:30Z,2026-02-02T16:07:30Z
model,Lysate,1,1,2026-02-02T16:04:23Z,2026-02-02T16:04:23Z
model,MEM,1,1,2026-02-02T16:07:22Z,2026-02-02T16:07:22Z
model,Organoids,1,1,2026-02-02T16:05:09Z,2026-02-02T16:05:09Z
model,PBMC,1,1,2026-02-02T16:07:21Z,2026-02-02T16:07:21Z
model,PIGS,1,1,2026-02-02T16:06:55Z,2026-02-02T16:06:55Z
model,Pancreatic islets,1,1,2026-02-02T16:03:45Z,2026-02-02T16:03:45Z
model,Primate,1,1,2026-02-02T16:07:21Z,2026-02-02T16:07:21Z
model,Serum-free medium,1,1,2026-02-02T16:05:09Z,2026-02-02T16:05:09Z
model,Smooth muscle cells,1,1,2026-02-02T16:07:23Z,2026-02-02T16:07:23Z
model,Splenocytes,1,1,2026-02-02T16:04:47Z,2026-02-02T16:04:47Z
model,Xenografts,1,1,2026-02-02T16:08:01Z,2026-02-02T16:08:01Z
peptide,ALLEVIATE,1,1,2026-02-02T16:07:58Z,2026-02-02T16:07:58Z
peptide,ANDRISINGFAST,1,1,2026-02-02T16:03:47Z,2026-02-02T16:03:47Z
peptide,CELLSIGNALING,1,1,2026-02-02T16:06:21Z,2026-02-02T16:06:21Z
peptide,DERIVATIVES,1,1,2026-02-02T16:08:24Z,2026-02-02T16:08:24Z
peptide,HYPERTENSIVE,1,1,2026-02-02T16:07:30Z,2026-02-02T16:07:30Z
peptide,IDENTITY,1,1,2026-02-02T16:08:24Z,2026-02-02T16:08:24Z
peptide,INDICATED,1,1,2026-02-02T16:04:59Z,2026-02-02T16:04:59Z
peptide,INDIRECT,1,1,2026-02-02T15:54:42Z,2026-02-02T15:54:42Z
peptide,RESIDENTIAL,1,1,2026-02-02T15:56:06Z,2026-02-02T15:56:06Z
peptide,SAMPLEHEATING,1,1,2026-02-02T16:07:12Z,2026-02-02T16:07:12Z
peptide,SHAPEFILESANDENVIEVF,1,1,2026-02-02T15:56:48Z,2026-02-02T15:56:48Z
peptide,VISCERALFAT,1,1,2026-02-02T16:03:46Z,2026-02-02T16:03:46Z
stem_cell,IPSC,1,1,2026-02-02T16:06:16Z,2026-02-02T16:06:16Z
stem_cell,pluripotent,1,1,2026-02-02T16:06:16Z,2026-02-02T16:06:16Z
stem_cell,reprogramming,1,1,2026-02-02T16:06:16Z,2026-02-02T16:06:16Z
target,BDNF,1,1,2026-02-02T16:03:46Z,2026-02-02T16:03:46Z
target,CASPASE,1,1,2026-02-02T16:06:26Z,2026-02-02T16:06:26Z
target,CAT,1,1,2026-02-02T16:04:36Z,2026-02-02T16:04:36Z
target,ERK,1,1,2026-02-02T16:08:21Z,2026-02-02T16:08:21Z
target,GLP-1R,1,1,2026-02-02T16:03:47Z,2026-02-02T16:03:47Z
target,GPX1,1,1,2026-02-02T16:06:26Z,2026-02-02T16:06:26Z
target,HSP90,1,1,2026-02-02T16:07:21Z,2026-02-02T16:07:21Z
target,IL6,1,1,2026-02-02T16:06:32Z,2026-02-02T16:06:32Z
target,INSR,1,1,2026-02-02T16:08:32Z,2026-02-02T16:08:32Z
target,JNK,1,1,2026-02-02T16:08:10Z,2026-02-02T16:08:10Z
target,NRF2,1,1,2026-02-02T16:06:26Z,2026-02-02T16:06:26Z
target,P21,1,1,2026-02-02T16:03:48Z,2026-02-02T16:03:48Z
target,P62,1,1,2026-02-02T16:08:07Z,2026-02-02T16:08:07Z
target,PDK1,1,1,2026-02-02T16:06:12Z,2026-02-02T16:06:12Z
target,PEPTIDASE,1,1,2026-02-02T16:06:55Z,2026-02-02T16:06:55Z
target,PI3K,1,1,2026-02-02T16:06:10Z,2026-02-02T16:06:10Z
target,RENIN,1,1,2026-02-02T16:08:00Z,2026-02-02T16:08:00Z
target,SOD1,1,1,2026-02-02T16:06:26Z,2026-02-02T16:06:26Z
target,SOD2,1,1,2026-02-02T16:06:26Z,2026-02-02T16:06:26Z
target,TLR9,1,1,2026-02-02T16:07:22Z,2026-02-02T16:07:22Z
target,TNF-Α,1,1,2026-02-02T16:07:45Z,2026-02-02T16:07:45Z
target,TRANSFERASE,1,1,2026-02-02T16:05:10Z,2026-02-02T16:05:10Z
target,UBIQUITIN,1,1,2026-02-02T16:06:55Z,2026-02-02T16:06:55Z
